periode,EksporNilai,EksporVolume,ImporNilai,ImporVolume,Prediksi EksporNilai,Prediksi EksporVolume,Prediksi ImporNilai,Prediksi ImporVolume
2020-08,13095.781016,43579.66846,10742.407847,11839.690849,13775.2,47571.9,11279.7,11384.4
2020-09,13960.528087,43944.142494,11570.10477,12883.228618,13204.4,45504.0,12777.2,11830.1
2020-10,14362.242633,47217.679455,10786.016684,12091.546513,14833.9,49556.9,10509.3,12075.2
2020-11,15259.317172,53282.461416,12664.414194,12137.149554,14722.4,49779.7,12459.4,12211.6
2020-12,16538.31072,57324.016354,14438.376084,15330.669376,14047.3,47504.8,10075.0,12489.9
