periode,EksporNilai,EksporVolume,ImporNilai,ImporVolume,Prediksi EksporNilai,Prediksi EksporVolume,Prediksi ImporNilai,Prediksi ImporVolume,ANN - AIS reg,ANN - AIS,ANN - AIS,ANN - AIS reg
2020-08,13095.78102,43579.66846,10742.40785,11839.69085,13283.859,45069.72393,10313.03984,11371.14248,13.283859,45.06972393,10.31303984,11.37114248
2020-09,13960.52809,43944.14249,11570.10477,12883.22862,13821.44471,44160.69347,10193.09387,11574.34563,13.82144471,44.16069347,10.19309387,11.57434563
2020-10,14362.24263,47217.67946,10786.01668,12091.54651,14783.46565,47243.55379,10415.89006,11738.63351,14.78346565,47.24355379,10.41589006,11.73863351
2020-11,15259.31717,53282.46142,12664.41419,12137.14955,14829.70143,46148.14923,10331.60355,11456.73374,14.82970143,46.14814923,10.33160355,11.45673374
2020-12,16538.31072,57324.01635,14438.37608,15330.66938,15065.38721,48111.48647,10522.94447,11618.86374,15.06538721,48.11148647,10.52294447,11.61886374
